,Pseudonyme
Dylan Misondo,897024
Barbara Doe,360894
Maeva Erbal,701537
Michael Toren,549745
Alice Toren,877917
Eve Matet,145424
Michael Brown,830456
Zoe Matet,526066
Maeva Doe,875313
Zoe Erbal,452414
Eve Misondo,261207
Dylan Doe,353202
Zoe Brown,103474
Dylan Toren,353350
Martin Ghatia,891084
Barbara Arnsen,633482
Dylan Matet,310938
David Misondo,142117
Barbara Toren,270453
Bob Brown,657963
Dylan Hisaki,222617
Bob Matet,212671
David Doe,697512
Eve Hisaki,332194
Zoe Dolan,878136
Barbara Matet,430748
Alice Ghatia,145832
Barbara Ghatia,225753
David Dolan,443606
Maeva Toren,493775
Bob Doe,724233
Bob Dolan,438366
Barbara Hisaki,812178
Maeva Hisaki,279626
Maeva Dolan,181417
Eve Arnsen,354603
Martin Doe,611247
Bob Hisaki,137037
Dylan Brown,621339
Michael Matet,888620
Martin Toren,725940
Eve Dolan,668721
Alice Arnsen,463050
Zoe Toren,327953
Maeva Brown,839145
Zoe Ghatia,165274
Martin Arnsen,488112
Michael Erbal,443916
Zoe Hisaki,470298
Eve Doe,746884
Bob Erbal,391858
Eve Toren,629497
Eve Brown,898127
Michael Misondo,866416
Barbara Erbal,244868
Maeva Matet,372454
Maeva Arnsen,632740
David Arnsen,620537
Maeva Ghatia,272475
Bob Ghatia,216012
Dylan Ghatia,313451
Martin Dolan,590075
Dylan Erbal,646425
David Toren,894961
Eve Erbal,705947
Martin Hisaki,868388
Alice Hisaki,565642
Michael Arnsen,277521
Barbara Misondo,834910
David Erbal,595246
Alice Matet,440027
Eve Ghatia,210811
Michael Doe,719956
Martin Erbal,601585
Martin Misondo,615134
David Matet,667537
Zoe Doe,193237
David Ghatia,102048
Alice Misondo,555938
Dylan Dolan,264254
Bob Toren,447638
Zoe Arnsen,621133
Michael Dolan,123581
Bob Arnsen,412752
Michael Hisaki,226962
Zoe Misondo,109441
Barbara Dolan,703598
Alice Erbal,259783
Alice Dolan,321678
Dylan Arnsen,712387
Martin Matet,501480
Alice Brown,677789
Barbara Brown,722222
David Hisaki,777332
Martin Brown,364700
David Brown,841536
Michael Ghatia,505526
Maeva Misondo,134231
Alice Doe,808398
Bob Misondo,451391
